distribution_id,jardin_id,tournee_id,depot_id,adherent_id,ordre
1,1,2,1,,1
2,1,3,34,,11
4,1,11,26,,2
5,1,12,25,,1
6,1,4,9,,1
8,1,7,3,,1
9,1,10,15,,1
10,1,3,31,,10
11,1,8,1,,1
12,1,7,7,,2
13,1,4,13,,5
14,1,3,4,,5
16,1,7,27,,9
17,1,10,19,,6
19,1,3,7,,2
20,1,10,18,,5
23,1,1,7,,7
21,1,9,21,,2
22,1,7,4,,4
24,1,7,6,,5
25,1,4,99,,6
26,1,4,12,,4
28,1,1,4,,2
27,1,5,1,,1
29,1,3,6,,6
30,1,7,99,,7
31,1,3,8,,4
32,1,3,99,,12
34,1,7,32,,8
35,1,6,1,,1
36,1,11,25,,1
38,1,10,29,,7
42,1,3,3,,1
43,1,9,23,,1
44,1,7,14,,3
46,1,3,14,,9
47,1,7,28,,10
48,1,7,30,,11
49,1,1,6,,6
50,1,4,10,,2
55,1,10,17,,4
57,1,4,11,,3
60,1,10,16,,2
62,1,1,14,,3
64,1,3,14,,3
70,1,1,3,,1
75,1,1,5,,5
80,1,9,22,,3
81,1,9,24,,4
83,1,12,33,,2
99,1,1,99,,8
100,1,1,,111932,6
101,1,1,,259928,7
102,1,2,,259383,7
103,1,2,,258561,7
104,1,3,,257772,7
105,1,3,,260018,7
106,1,5,,531,7
107,1,6,,258902,7
108,1,7,,259016,7
109,1,7,,531,7
110,1,7,,259928,7
111,1,7,,259314,7
112,1,7,,259383,7
113,1,7,,240,7
114,1,7,,423,7
115,1,7,,311,7
